# Heltec WiFi LoRa 32 V4 -- two slots, nothing held back.
#
# GENERATED by tools/gen_layouts.py from firmware/include/bridge/Provisioning.hpp.
# Edit the geometry there, not here; then run:  python tools/gen_layouts.py
#
# Just MeshCore and Meshtastic, with the rest of the flash left free.
# A valid choice: a board is not obliged to reserve room it will never use.
#
# Meshtastic mounts LittleFS, MeshCore mounts SPIFFS. Give either side the
# other's filesystem and it formats it on boot, destroying the other side's
# settings with no error anywhere. Separate labels make that impossible.
#
# Validate with: python tools/gate.py

bootloader     , app  , factory  , 0x0, 0x7000,
partition_tbl  , data , nvs      , 0x8000, 0xC000,
otadata        , data , otadata  , 0x14000, 0x2000,
nvs            , data , nvs      , 0x16000, 0xA000,
coredump       , data , coredump , 0x20000, 0x10000,
ota_0          , app  , ota_0    , 0x30000, 0x200000,
fs_meshcore    , data , spiffs   , 0x230000, 0x100000,
ota_1          , app  , ota_1    , 0x330000, 0x200000,
fs_meshtastic  , data , littlefs , 0x530000, 0x100000,
