# Heltec WiFi LoRa 32 V4 -- 5 slots, two of them in use.
#
# GENERATED by tools/gen_layouts.py from firmware/include/bridge/Provisioning.hpp.
# Edit the geometry there, not here; then run:  python tools/gen_layouts.py
#
# Slot n lives at a fixed address whether there are two slots or five,
# so this table can be rewritten in place to add a framework without ever
# moving one that already holds firmware. That is the whole reason growth
# is safe here, and it is what removes the need to think about this again.
#
#   ota_0 / fs_meshcore      MeshCore     live
#   ota_1 / fs_meshtastic    Meshtastic   live
#   ota_2 .. ota_4           reserved for frameworks not yet written
#
# Every app offset is 64KB aligned. The bootloader refuses a misaligned app
# partition and reports nothing, so a board with one simply looks dead.
#
# Validate with: python tools/gate.py

nvs            , data , nvs      , 0x9000, 0xA000,
otadata        , data , ota      , 0x13000, 0x2000,
coredump       , data , coredump , 0x15000, 0x10000,
ota_0          , app  , ota_0    , 0x30000, 0x200000,
fs_meshcore    , data , spiffs   , 0x230000, 0x100000,
ota_1          , app  , ota_1    , 0x330000, 0x200000,
fs_meshtastic  , data , spiffs   , 0x530000, 0x100000,
ota_2          , app  , ota_2    , 0x630000, 0x200000,
fs_reticulum   , data , spiffs   , 0x830000, 0x100000,
ota_3          , app  , ota_3    , 0x930000, 0x200000,
fs_lorawan     , data , spiffs   , 0xB30000, 0x100000,
ota_4          , app  , ota_4    , 0xC30000, 0x200000,
fs_custom      , data , spiffs   , 0xE30000, 0x100000,
